<?xml version="1.0" encoding="UTF-8"?>
<!DOCTYPE mapper PUBLIC "-//mybatis.org//DTD Mapper 3.0//EN" "http://mybatis.org/dtd/mybatis-3-mapper.dtd">
<mapper namespace="cn.nicenan.meeting.mapper.DictionaryTypeMapper">

    <!-- 通用查询映射结果 -->
    <resultMap id="BaseResultMap" type="cn.nicenan.meeting.model.DictionaryType">
        <id column="id" property="id" />
        <result column="title" property="title" />
        <result column="remark" property="remark" />
        <result column="sort" property="sort" />
        <result column="updateTime" property="updateTime" />
        <result column="insertTime" property="insertTime" />
    </resultMap>

    <!-- 通用查询结果列 -->
    <sql id="Base_Column_List">
        id, title, remark, sort, updateTime, insertTime
    </sql>

</mapper>
