<?xml version="1.0" encoding="UTF-8"?>
<!DOCTYPE mapper PUBLIC "-//mybatis.org//DTD Mapper 3.0//EN" "http://mybatis.org/dtd/mybatis-3-mapper.dtd">
<mapper namespace="cn.nicenan.meeting.mapper.SelectionMapper">

    <!-- 通用查询映射结果 -->
    <resultMap id="BaseResultMap" type="cn.nicenan.meeting.model.Selection">
        <id column="id" property="id" />
        <result column="type" property="type" />
        <result column="mainId" property="mainId" />
        <result column="associatedId" property="associatedId" />
    </resultMap>

    <!-- 通用查询结果列 -->
    <sql id="Base_Column_List">
        id, type, mainId, associatedId
    </sql>

</mapper>
