<?xml version="1.0" encoding="UTF-8"?>
<!DOCTYPE mapper PUBLIC "-//mybatis.org//DTD Mapper 3.0//EN" "http://mybatis.org/dtd/mybatis-3-mapper.dtd">
<mapper namespace="cn.nicenan.meeting.mapper.UserRoleMapper">

    <!-- 通用查询映射结果 -->
    <resultMap id="BaseResultMap" type="cn.nicenan.meeting.model.UserRole">
        <id column="id" property="id" />
        <result column="userId" property="userId" />
        <result column="roleId" property="roleId" />
        <result column="insertTime" property="insertTime" />
    </resultMap>

    <!-- 通用查询结果列 -->
    <sql id="Base_Column_List">
        id, userId, roleId, insertTime
    </sql>

</mapper>
